EAN;PfandEAN
401553304764;11406
426247218083;11408
426047447041;11407
426047447038;11407
61991537507;11408
401719446621;11408
427000176553;11410
410606003207;11408
426077054228;11408
401719446980;11408
401553305166;11408
401553305164;11408
520242312324;11408
401553304878;11406
410406003210;11408
401553305138;11406
401553304418;12230
426067596046;11408
426075899020;11408
426035558652;12808
426035558651;12808
426075899032;11408
426075899036;11408
401553304960;11408
426077054011;11408
426034815624;11408
426034815625;11408
426034815688;11408
426034815695;11408
426034815714;11408
426034815715;11408
426034815716;11408
426034815717;11408
426034815786;11408
426034815808;11408
403402922000;11410
426049303151;11408
427000089131;11407
427000089130;11407
427000089132;11407
400930965452;11408
426077054232;11408
426077054233;11408
410406003168;11408
426077054755;11408
401719446542;11408
401553304938;11406
427000174723;11408
426076052013;11408
900697600131;11408
401719446544;11408
401553305502;11408
400789201403;11407
426049303333;11408
426049303332;11408
426049303334;11408
426076052015;11408
401553305508;11408
401553305506;11408
426077054230;11408
426076052029;11408
540701020091;11408
427000176552;11410
427000176558;11410
417000004292;11407
427000176555;11410
401553305140;11406
427000176550;11410
426049303174;11408
426077054756;11408
426075899362;11408
401553305322;11408
426077054751;11408
401719446872;11408
426075899175;11408
426075899273;11408
401719446908;11408
426034815875;11408
426034815880;11408
426075899136;11408
426075899414;11408
426075899028;11408
401553305510;11408
401719446212;11408
402701302102;11407
400847149497;11408
401719446530;11408
540701020028;11408
400930945079;11408
401719447112;11408
426077054013;11408
401719446531;11408
540701020026;11408
401553305866;11408
401553305816;11410
401553305823;11408
401553305820;11410
401553305740;11410
401719447070;11408
401553306032;11410
402701301800;11407
410406003198;11408
404228750410;11407
404228750510;11407
426047447039;11407
10018;11408
426076052037;11406
10134;11408
10144;11407
401553300408;11406
401553300463;11408
401553300449;11406
410406003185;11408
410606004767;11406
401553300073;11406
401553301929;11406
401553303762;11406
401553303764;11406
401553304280;11406
401553304414;11406
401553304626;11406
401553304628;11406
401553304632;11406
401553304634;11406
401553304644;11406
425006871214;11406
425006871230;11406
410606007539;11406
426049303246;11408
426049303153;11408
426049303181;11408
10870;11410
410406002919;11406
406360850021;11406
4240233;11410
401285220490;11407
426049303152;11408
402496710030;11410
426049303155;11408
426049303157;11408
426049303134;11408
426049303339;12230
401553304062;11406
426057497004;11407
401719446887;11408
859417510045;11406
859417510056;11406
401719400911;11406
410153000115;11408
410153000116;11408
403488801001;11408
426028421340;11408
410406002472;11408
410406001118;11408
410406000005;11408
410406001139;11408
401719446905;11408
401719446421;11408
410406003072;11408
401719400959;11408
401719400953;11408
401719446191;11408
401719446983;11408
401719446901;11408
401719446031;11408
401719446501;11408
410406001186;11408
401719446899;11408
401719446893;11408
401719496581;11406
401719446461;11408
410406001221;11406
410406001096;11408
400847149282;11408
400847150012;11408
400847149484;11408
400847149704;11408
410406002926;11408
401719446989;11408
401719446034;11408
401719400986;11408
401719446194;11408
401719443248;11408
401719443290;11408
401719400921;11408
900697600018;11408
900697600032;11408
900697600140;11408
401719400938;11408
410153000284;11408
401719400941;11408
401719400954;11408
401719447002;11408
410406002989;11408
401553304676;11406
859417510044;11406
859417510043;11406
859417510002;11406
859417510052;11406
859417510055;11406
859417510058;11406
859417510060;11408
427000176559;11410
426035558049;12808
401553300265;11408
410606001808;11408
410606003828;11408
410606001818;11408
401719446056;11408
12261;12082
11429;12082
11430;12082
426075899289;11408
410606093863;11406
401553302315;11408
401553304138;12230
401553304140;12230
401553304142;12230
426049303216;11408
400930955269;11408
400930951272;11408
406360850008;11408
406360850007;11408
425006871227;11406
404681500280;11410
404681500292;11410
404681500290;11410
801787000001;11406
10710;11406
426032215071;11407
401553301420;11406
426040282110;11406
426040282120;11406
426040282130;11406
426040282150;11406
426040282160;11406
426040282170;11406
426037459101;11406
426037459109;11406
426037459104;11406
426037459102;11406
426037459107;11406
426037459106;11406
426037459111;11406
426037459130;11406
426037459131;11406
426037459132;11406
426037459160;11406
426037459162;11406
401553300076;11408
401553300063;11408
401553300067;11408
401553303025;11408
401553303210;11406
401553301080;11408
401553303069;11406
400590600342;11406
400590600341;11406
401553300467;11406
401553303089;11406
401553300464;11406
401553301082;11406
401553301426;11408
401553302773;11406
426028849049;11406
426028849005;11406
401553302293;11406
401553300022;11408
401553300042;11408
401553300034;11406
401553300036;11408
401553300039;11408
401553300040;11408
401553301005;11408
410606007393;11406
410606003598;11408
401553303305;11410
401553303301;11410
410606004940;11408
410606001032;11406
402182908081;11406
410606007037;11406
410606004011;11406
410606007134;11406
410606001217;11406
410606004009;11406
410606004106;11406
410606001707;11406
410606093853;11406
410606004320;11408
410606004674;11406
410606004318;11406
410606007376;11406
410606004621;11406
401553301925;11406
401553310068;11406
401285220171;11407
402701301601;11407
401285200173;11407
401285220174;11407
402701305003;11407
402701305203;11407
402701305103;11407
402701305303;11407
4220185;11410
4222728;11410
4220188;11410
4220186;11410
4220187;11410
4225431;11410
4225430;11410
4234589;11410
401285220420;11407
401285220423;11407
401285220424;11407
401285220425;11407
401285220426;11407
401285220427;11407
401285220429;11407
401285220481;11407
401285220484;11407
401285220487;11407
401553301956;11410
401553302081;11410
401285200160;11407
401285200105;11407
401285200120;11407
401285200152;11407
401285200162;11407
401285200166;11407
401285200176;11407
401285200177;11407
401285200163;11407
401285200155;11407
401285200110;11407
401285200165;11407
401285200158;11407
401285200195;11407
402701300603;11407
402701304003;11407
401285200180;11407
401285200169;11407
401285200168;11407
402543510115;11407
402543510117;11407
426057497000;11407
426057497002;11407
426057497001;11407
426057497003;11407
426057497008;11407
403818800026;11407
403818800041;11407
402701302800;11407
402701302900;11407
402701301700;11407
402701302700;11407
402701337337;11408
402701302301;11407
402701327327;11407
402701302400;11407
402701328328;11407
426011298003;11410
802213801309;11410
402496722840;11410
402496701041;11410
402496710020;11410
402496722820;11410
402496722872;11410
402496722850;11410
402496722860;11410
402496701043;11410
402496710000;11410
426077054003;11408
426077054012;11408
426034815622;11408
426034815200;11408
401719447019;11408
426034815211;11408
426034815212;11408
426034815112;11408
426034815919;11408
426077054224;11408
426077054218;11408
426075899415;11408
426075899290;11408
426077054002;11408
426077054991;11406
427000295526;11408
427000295522;11408
427000279980;11408
427000295520;11408
426067596048;11408
426067596050;11408
400930911476;11408
401553304882;11410
426077054001;11408
426077054018;11408
426077054016;11408
426077054000;11408
401553304958;11408
426041373420;11407
426067596049;11408
401553304562;11406
401719446897;11408
406360850026;11406
410406003176;11408
406360850010;11408
401719443247;11408
426077054019;11408
426018968145;11408
401285220492;11407
406360850116;11406
426018968144;11408
401719400922;11408
428000119688;11408
406360850009;11408
427000174721;11408
427000174726;11408
400816473270;11408
400816473271;11408
400816473272;11408
426075899030;11408
426075899124;11408
426077054015;11408
900697600001;11408
426076052008;11408
401553304992;11406
401553304994;11406
426049303278;11408
12262;12082
401553304760;11406
427000174710;11408
426034815013;11408
401553304152;11406
401553304762;11406
401719446086;11408
426034815696;11408
401719446895;11408
401719446894;11408
426018968143;11408
426018968076;11408
426018968141;11408
401553304372;11408
401553304396;11408
401553304370;11408
401553304630;11406
427000174720;11408
401719446431;11408
401719446084;11408
401719446884;11408
426047447901;11406
401719446410;11408
401553305096;11406
401553304796;11406
426034815896;11408
401553305004;11410
401719446915;11408
426077054017;11408
406360850022;11406
406360850023;11406
12295;12082
426034815218;11408
426077054014;11408
401553305012;11406
4240495;11410
426076052043;11408
401553305980;11406
426068229013;11408
426028421387;11408
426047346402;11407
426047346006;11407
426034815771;11408
426068229011;11408
426068229012;11408
427000174727;11408
426076052064;11408
426076052060;11408
427000176554;11410
427000176556;11410
426244961013;11410
426075899177;11408
426035558648;12808
426035558649;12808
427000176551;11410
426035558646;12808
401719496041;11406
401719446533;11406
401719446222;11408
426035558650;12808
401553306382;11410
401285200164;11407
13906;12230
401719496885;11406
401719446885;11406
76446057997;11408
76446057996;11408
76446057998;11408
427000174725;11408
426077054225;11408
401553301377;11408
426241502012;11406
426241502016;11406
401285220494;11407
401285200159;11407
402701303002;11406
426047447905;11410
402496701331;11410
426047447904;12230
401719446581;11408
402701303703;11407
401719445005;11408
426018968074;11408
426049303183;11408
426049303185;11408
427000174718;11408
427000174714;11408
427000174713;11408
401553304646;11408
401553300064;11406
401553304568;11406
401553304566;11406
401553304748;11410
400789201003;11407
400789201103;11407
402701317231;11407
68969800077;11408
402701304302;11406
426077054990;11406
426049303275;11408
427000174716;11408
427000174715;11408
427000174717;11408
427000174719;11408
403488803002;11408
401719447110;11408
410406003174;11408
410406003164;11408
428000119668;11408
428000119669;11408
428000119680;11408
428000119687;11408
402496722885;11410
427000174724;11408
427000174722;11408
402701305803;11407
426072861011;11407
426072861010;11407
426077054227;11408
426077054226;11408
401719446981;11408
426075899131;11408
401719446218;11408
401719446543;11408
426049303338;12230
410606007596;11408
426047447040;11406
